Participant,Block Design Raw Score,Total Actions,Total Time Spent,Total Missed Interactions,Total Object Interactions,Time Spent S.D,Action Count S.D,Add Onion,Add Tomtato,Add Beef,Add Carrot,Add Potato,Error to Actions Ratio,Object Count - Add Tomtato,Object Count - Add Potato,Object Count - Add Carrot,Object Count - Add Onion,Chest Total Distance,HeadCamera Total Distance,LeftElbow Total Distance,LeftShoulder Total Distance,MotionControllerLeft Total Distance,MotionControllerRight Total Distance,RightElbow Total Distance,RightShoulder Total Distance,Chest Distance - Add Beef,HeadCamera Distance - Add Beef,LeftElbow Distance - Add Beef,LeftShoulder Distance - Add Beef,MotionControllerLeft Distance - Add Beef,MotionControllerRight Distance - Add Beef,RightElbow Distance - Add Beef,RightShoulder Distance - Add Beef,Chest Distance - Add Carrot,HeadCamera Distance - Add Carrot,LeftElbow Distance - Add Carrot,LeftShoulder Distance - Add Carrot,MotionControllerLeft Distance - Add Carrot,MotionControllerRight Distance - Add Carrot,RightElbow Distance - Add Carrot,RightShoulder Distance - Add Carrot,Chest Distance - Add Tomato,HeadCamera Distance - Add Tomato,LeftElbow Distance - Add Tomato,LeftShoulder Distance - Add Tomato,MotionControllerLeft Distance - Add Tomato,MotionControllerRight Distance - Add Tomato,RightElbow Distance - Add Tomato,RightShoulder Distance - Add Tomato,Chest Distance - Pour Broth,HeadCamera Distance - Pour Broth,LeftElbow Distance - Pour Broth,LeftShoulder Distance - Pour Broth,MotionControllerLeft Distance - Pour Broth,MotionControllerRight Distance - Pour Broth,RightElbow Distance - Pour Broth,RightShoulder Distance - Pour Broth,Chest Distance - Stir Stew,HeadCamera Distance - Stir Stew,LeftElbow Distance - Stir Stew,LeftShoulder Distance - Stir Stew,MotionControllerLeft Distance - Stir Stew,MotionControllerRight Distance - Stir Stew,RightElbow Distance - Stir Stew,RightShoulder Distance - Stir Stew
C001,36,180,241.813972,3,177,19.37300999,15.03329638,33,25,35,40,23,0.016666667,25,23,39,33,3412.670879,4279.274901,4288.5827,3973.000007,5182.224529,10905.73954,9021.289379,6577.576007,667.4172893,892.6124372,546.6948503,632.7558383,654.9990733,2123.031272,1345.054914,908.199798,288.9996992,379.5836658,865.5893466,584.4943075,1058.24878,1419.609542,918.4939927,677.1223712,327.6838999,393.8911765,421.3494931,372.0809496,534.87743,1203.602812,777.3237673,535.4938107,812.6082163,899.9410763,891.8618023,928.5987493,1035.573134,1784.495819,1972.81919,1142.676652,90.13835817,134.1201341,120.8299254,124.0098763,132.6235595,445.5043186,366.8993453,233.5730496
C003,58,212,368.939742,13,199,35.63060851,18.44390896,35,18,59,35,19,0.061320755,17,17,34,35,3924.459833,4188.58691,10956.8567,5295.321816,6069.7711,11752.43562,9980.064138,5986.207882,244.5539641,672.6200843,3621.467395,1107.68483,1368.388019,1709.467574,1416.820567,896.1410242,342.4194847,393.8999837,1100.342364,516.5830228,994.1279682,1303.62936,870.2511079,627.7406898,250.9080241,284.9721326,284.5437198,392.9547861,394.1837048,1164.539144,777.3237673,535.4938107,2416.319672,1549.437498,4811.97981,2256.734721,2130.161392,2685.000315,3558.918685,1652.556965,40.53286652,107.5580077,34.80140483,28.18345607,35.26026834,502.9330107,265.485212,184.3887897
C006,42,216,258.609221,45,171,19.90227608,24.18080046,26,24,33,83,23,0.208333333,22,21,53,25,1333.791569,3044.388844,1984.150383,2171.609415,3695.805905,10100.42333,6357.739703,4950.245383,258.6591274,527.5148248,377.353139,309.9102822,500.4359436,1480.011144,1066.727245,823.5634428,242.2278295,497.6504444,357.158209,437.6600082,1105.580046,2196.767365,1636.134402,1063.917884,137.5544493,292.5229623,297.4784225,222.1442445,357.1392495,1144.092457,582.5682237,502.1707344,292.2581286,442.1176696,478.2371616,381.8135941,585.1343758,754.8596158,519.0441537,447.1523715,42.02139205,157.3653899,186.6503652,49.17945364,118.3249188,674.2576027,453.2282886,283.0399105
C008,34,290,316.88227,9,281,20.35701378,27.19068468,55,34,72,70,17,0.031034483,34,16,69,53,4242.098701,5457.755161,7109.453141,6251.381485,7812.578524,15305.33476,12542.30866,8928.642077,587.049964,823.3077943,1251.138637,1007.294516,1487.661164,2516.99452,1975.579279,1316.243411,818.8670186,990.3373153,1028.366151,950.4693463,1062.438061,3460.55427,2789.408117,1910.393651,534.6727866,641.997731,985.654779,776.2999032,1146.152361,1622.51657,1321.637857,935.8175689,559.4416148,527.4369413,837.2404953,771.9434058,895.0505647,973.8268393,924.3946217,817.7541679,239.4121432,466.5612586,498.9061935,510.5010634,454.2370103,1191.492808,997.8015328,734.3398781
C009,24,344,450.877417,16,328,47.38384666,46.4212595,0,32,153,63,27,0.046511628,32,27,63,0,6417.363081,7355.626722,9619.928363,8002.941907,10363.98025,17018.96603,13587.08283,9942.432144,1238.80319,1785.056217,3232.513404,2476.108557,3746.344524,4081.03292,2965.975129,2162.301897,649.7428631,966.4204348,841.5979111,738.4183916,783.5982915,3130.228025,2427.025741,1648.66352,451.3642744,575.4071648,664.9914452,555.3461914,697.523323,1703.799053,1329.49593,926.3314705,2137.194232,1588.586316,2359.839116,1937.07218,2705.981105,2923.157215,2442.208647,1935.139796,180.4622484,252.3474363,291.3796324,246.4647911,261.8032537,769.3685525,639.7241185,437.6518703
C012,54,163,240.627667,1,162,14.95829324,15.12209568,28,20,42,35,22,0.006134969,20,22,35,28,1885.463295,2343.370019,3102.490358,2282.249138,3587.356143,10589.81361,7435.435851,4836.915787,454.1307928,584.8094878,557.4519962,426.5324641,627.4995781,2231.839961,1613.999599,1077.7881,154.7748757,228.3693693,357.0555227,251.0003073,533.4299206,1497.255158,901.9437394,545.2043344,183.3117473,242.2732524,250.6965256,196.1616211,252.3440155,1383.085429,887.7169489,549.5274333,315.0721981,230.9341742,354.36537,328.4564251,361.8341577,596.6162656,502.1602353,429.6120332,102.1625793,132.2467802,186.6503652,137.9353837,201.9160752,762.6278793,552.592354,325.5031833
C013,48,314,530.895012,35,279,35.52010324,25.38240861,48,29,74,64,22,0.111464968,25,21,62,45,6810.143228,7843.46781,10009.236,9369.871433,12558.18953,15412.36178,12714.61415,10091.98928,1167.707691,1268.056816,1461.985572,1396.548562,1764.663897,2825.347528,2306.200593,1748.974037,1109.909673,1233.385764,1987.304044,1717.143781,2655.640645,2106.04815,1773.162285,1461.976485,561.5964751,644.7107237,864.9692942,808.7118318,1153.162999,1091.067796,988.3539812,805.6111371,409.4580856,448.2402334,617.5927758,654.5617925,620.8734946,750.5234592,586.0614004,515.7865496,1119.004957,1240.710926,1247.138569,1258.734392,1589.584368,2816.012172,2422.945311,1833.909073
C016,39,183,185.527859,16,167,11.68968404,18.52355857,24,21,60,35,21,0.087431694,21,20,33,21,2344.234017,2511.131882,4298.854968,3616.86571,5000.861837,8592.558163,6352.376486,4692.583555,807.7817456,489.997092,962.5160881,832.3122753,1157.475116,1998.33242,1317.040787,964.0631942,190.1017024,260.8234212,730.3162326,547.7174732,882.8431514,1197.011647,939.5627077,690.8014691,141.0335974,289.0545501,487.8461859,349.7653179,651.5659778,828.9969957,580.0512286,377.9893994,338.2033023,249.0617332,368.8960226,365.4485021,319.9614026,518.0095126,426.3757958,395.6085397,149.041946,195.8939428,224.3340381,224.6427578,216.2707295,770.1657328,545.8963401,398.5325941
C017,36,218,335.729737,12,206,25.44655549,20.38408966,57,26,49,40,20,0.055045872,24,19,38,55,3142.145291,4675.839669,4934.165755,4271.50932,6913.017052,11519.01982,9631.877375,6059.969241,389.851366,491.9677696,586.1144882,490.7745563,899.4336597,1360.655401,1129.551881,702.2232798,331.2775321,490.245922,811.7335634,510.2116972,1143.469149,1371.03653,1075.218827,721.4183781,343.4639214,466.1455822,586.1533049,467.0164109,659.1376257,1320.842585,973.9243851,657.8619785,881.6009391,1227.435473,1280.48538,1074.349904,1172.399652,1609.534276,1972.81919,1142.676652,54.38855955,147.6379184,54.86575169,77.49642006,114.7987204,419.4185386,281.6674434,182.8428912
C020,30,212,320.340694,1,211,17.42449726,18.02344153,54,23,30,40,33,0.004716981,23,33,40,54,3334.669489,5200.170016,4989.299953,4342.714386,6011.462516,11887.16853,9021.289379,6577.576007,290.5174011,426.0049039,435.9341201,386.3035132,568.2896234,1172.89021,832.4288799,610.7372677,334.7606731,451.0811318,783.7824219,568.6379912,982.2697544,1316.764144,918.4939927,677.1223712,405.8659178,548.718495,366.7057112,409.7312684,434.8568433,1515.597054,1131.60996,802.3840957,602.7270348,1439.972193,1137.772789,962.3717305,1104.466442,1414.660442,1095.627786,909.8286704,98.02499313,145.7048086,99.13399941,115.3004416,117.8829082,487.3705697,366.8993453,233.5730496
C021,29,310,481.343316,14,296,35.9320848,26.07254836,49,29,83,62,30,0.04516129,28,30,57,49,3949.856691,5474.071393,6274.606614,5554.345131,7579.732127,15740.77679,12322.96096,7882.893811,622.3613544,913.8582501,897.5843162,861.0054745,1094.207329,2876.07062,2091.721524,1337.305106,633.0834207,864.4044042,1108.762554,944.1349313,1396.461774,2195.59506,1688.188262,1161.736568,293.25861,433.3631233,383.5355195,430.2477609,392.8210284,1663.088502,1257.335743,759.9456868,732.1400435,980.0222999,1464.425195,969.2698217,1872.46844,1660.834937,1544.003585,934.7795831,269.0376181,340.1056098,408.2778062,400.8949753,433.4490794,1172.372506,872.0238933,566.3639668
C024,42,156,188.807745,4,152,10.71110223,14.01744944,19,17,43,33,22,0.025641026,17,22,32,19,1566.527293,2192.288003,2438.558939,2134.637817,2925.305221,10858.38196,6920.801348,5242.307665,248.2200313,319.2488768,480.4727598,425.9663174,524.0057896,2267.582524,1505.199958,1061.024812,208.6199291,282.2023934,316.899438,258.0305161,396.5199956,1659.235325,1079.668192,779.8398376,171.4752033,258.3853462,255.4910136,224.2800678,312.3369348,1189.727846,758.4970542,532.466195,276.8656865,222.2942883,333.428687,322.6934809,368.0339381,854.9940562,500.1235402,434.0452735,109.857013,185.6426254,174.8558288,158.3617261,202.1386601,828.0912401,524.274274,383.8710797
C025,24,160,317.064713,12,148,21.66053006,15.03329638,42,18,28,35,20,0.075,17,19,35,36,3827.027365,5545.765782,3858.423582,4377.832749,4837.94789,12868.88546,9887.670131,6824.871671,558.0858937,753.2223966,467.8266592,546.6495345,597.137823,1847.324832,1345.054914,908.199798,461.5140301,720.0511206,423.5086866,516.4918674,571.8266835,1891.863926,1400.011899,917.9263572,365.2344114,576.6962339,381.4546121,476.9293644,453.7004214,1305.612524,944.967376,637.876851,665.0351053,717.8861023,766.576631,719.1549465,712.4185108,1302.875706,1098.814956,940.4459153,110.1729223,175.2533368,96.55917199,116.1186849,151.0521942,471.7503322,382.2433502,243.8465238
C028,50,180,283.077166,3,177,19.42570058,17.44196727,34,22,45,43,20,0.016666667,21,19,43,34,2610.421895,4652.023813,1606.013566,1996.178004,1674.911886,13411.66754,9905.399885,7094.981287,327.4870252,696.3569055,217.0817469,291.6482839,170.6844514,2129.558911,1527.372852,1091.39483,579.9945656,1121.648514,267.1492978,404.5832115,381.3664735,3082.596656,2437.484269,1729.958116,295.6735144,501.2539146,159.428886,230.065554,165.7086483,1478.864015,1071.820006,787.5438547,326.2188236,381.74022,311.7613459,303.3308559,342.174691,651.6910191,521.7906682,439.8226215,135.3604556,244.1127895,97.63430063,105.9088128,109.1484175,760.0809348,573.4448595,397.5523904
C032,63,181,214.467324,5,176,16.95855194,19.99694421,34,17,64,31,17,0.027624309,17,17,31,34,1566.527293,2465.846811,1450.211354,1681.961759,2304.416157,9826.000865,6850.895792,4517.944071,558.0858937,560.5007724,345.3737077,393.3693457,489.9090207,2012.426841,1253.923697,852.5779493,208.6199291,217.2443484,128.4042159,155.444601,221.2627564,1410.068884,1027.08054,643.7285758,171.4752033,199.8316036,119.6785134,149.4601012,159.043483,939.0501947,717.8441158,461.5300709,292.2581286,450.7227139,293.1589679,292.737596,585.6633674,946.5704626,541.0201974,408.1967999,54.38855955,101.159535,54.86575169,65.83775015,86.18243752,424.3721503,296.9492344,191.777159
